identifier,ncbiTaxonId,taxonName,node,annotation
9606.ENSP00000266744,9606,Homo sapiens,ASCL1,"Achaete-scute homolog 1; Transcription factor that plays a key role in neuronal differentiation: acts as a pioneer transcription factor, accessing closed chromatin to allow other factors to bind and activate neural pathways. Directly binds the E box motif (5'-CANNTG-3') on promoters and promotes transcription of neuronal genes. The combination of three transcription factors, ASCL1, POU3F2/BRN2 and MYT1L, is sufficient to reprogram fibroblasts and other somatic cells into induced neuronal (iN) cells in vitro. Plays a role at early stages of development of specific neural lineages in mos [...] "
9606.ENSP00000329170,9606,Homo sapiens,POU3F2,"POU domain, class 3, transcription factor 2; Transcription factor that plays a key role in neuronal differentiation (By similarity). Binds preferentially to the recognition sequence which consists of two distinct half-sites, ('GCAT') and ('TAAT'), separated by a non-conserved spacer region of 0, 2, or 3 nucleotides (By similarity). The combination of three transcription factors, ASCL1, POU3F2/BRN2 and MYT1L, is sufficient to reprogram fibroblasts and other somatic cells into induced neuronal (iN) cells in vitro. Acts downstream of ASCL1, accessing chromatin that has been opened by ASCL [...] "
9606.ENSP00000396103,9606,Homo sapiens,MYT1L,"Myelin transcription factor 1-like protein; Transcription factor that plays a key role in neuronal differentiation by specifically repressing expression of non- neuronal genes during neuron differentiation. In contrast to other transcription repressors that inhibit specific lineages, mediates repression of multiple differentiation programs. Also represses expression of negative regulators of neurogenesis, such as members of the Notch signaling pathway, including HES1. The combination of three transcription factors, ASCL1, POU3F2/BRN2 and MYT1L, is sufficient to reprogram fibroblasts an [...] "
9606.ENSP00000368880,9606,Homo sapiens,FOXO1,Forkhead box protein O1; Transcription factor that is the main target of insulin signaling and regulates metabolic homeostasis in response to oxidative stress. Binds to the insulin response element (IRE) with consensus sequence 5'-TT[G/A]TTTTG-3' and the related Daf-16 family binding element (DBE) with consensus sequence 5'- TT[G/A]TTTAC-3'. Activity suppressed by insulin. Main regulator of redox balance and osteoblast numbers and controls bone mass. Orchestrates the endocrine function of the skeleton in regulating glucose metabolism. Acts synergistically with ATF4 to suppress osteocal [...] 
9606.ENSP00000384524,9606,Homo sapiens,ETV2,ETS translocation variant 2; Binds to DNA sequences containing the consensus pentanucleotide 5'-CGGA[AT]-3'; ETS transcription factor family
9606.ENSP00000248071,9606,Homo sapiens,KLF2,Krueppel-like factor 2; Transcription factor that binds to the CACCC box in the promoter of target genes such as HBB/beta globin or NOV and activates their transcription; Kruppel like factors
9606.ENSP00000294339,9606,Homo sapiens,TAL1,"Tal bhlh transcription factor 1, erythroid differentiation factor; T-cell acute lymphocytic leukemia protein 1; Implicated in the genesis of hemopoietic malignancies. It may play an important role in hemopoietic differentiation. Serves as a positive regulator of erythroid differentiation (By similarity); Basic helix-loop-helix proteins"
9606.ENSP00000257818,9606,Homo sapiens,LMO2,Rhombotin-2; Acts with TAL1/SCL to regulate red blood cell development. Also acts with LDB1 to maintain erythroid precursors in an immature state; LIM domain containing
9606.ENSP00000226247,9606,Homo sapiens,FOXN1,"Forkhead box protein N1; Transcriptional regulator which regulates the development, differentiation, and function of thymic epithelial cells (TECs) both in the prenatal and postnatal thymus. Acts as a master regulator of the TECs lineage development and is required from the onset of differentiation in progenitor TECs in the developing fetus to the final differentiation steps through which TECs mature to acquire their full functionality. Regulates, either directly or indirectly the expression of a variety of genes that mediate diverse aspects of thymus development and function, includin [...] "
9606.ENSP00000363804,9606,Homo sapiens,KLF4,"Krueppel-like factor 4; Transcription factor; can act both as activator and as repressor. Binds the 5'-CACCC-3' core sequence. Binds to the promoter region of its own gene and can activate its own transcription. Regulates the expression of key transcription factors during embryonic development. Plays an important role in maintaining embryonic stem cells, and in preventing their differentiation. Required for establishing the barrier function of the skin and for postnatal maturation and maintenance of the ocular surface. Involved in the differentiation of epithelial cells and may also fu [...] "
9606.ENSP00000479618,9606,Homo sapiens,MYC,"Myc proto-oncogene protein; Transcription factor that binds DNA in a non-specific manner, yet also specifically recognizes the core sequence 5'- CAC[GA]TG-3'. Activates the transcription of growth-related genes. Binds to the VEGFA promoter, promoting VEGFA production and subsequent sprouting angiogenesis; Basic helix-loop-helix proteins"
9606.ENSP00000323588,9606,Homo sapiens,SOX2,"Transcription factor SOX-2; Transcription factor that forms a trimeric complex with OCT4 on DNA and controls the expression of a number of genes involved in embryonic development such as YES1, FGF4, UTF1 and ZFP206 (By similarity). Critical for early embryogenesis and for embryonic stem cell pluripotency. May function as a switch in neuronal development. Downstream SRRT target that mediates the promotion of neural stem cell self-renewal (By similarity). Keeps neural cells undifferentiated by counteracting the activity of proneural proteins and suppresses neuronal differentiation (By si [...] "
9606.ENSP00000259915,9606,Homo sapiens,POU5F1,"POU domain, class 5, transcription factor 1; Transcription factor that binds to the octamer motif (5'-ATTTGCAT-3'). Forms a trimeric complex with SOX2 on DNA and controls the expression of a number of genes involved in embryonic development such as YES1, FGF4, UTF1 and ZFP206. Critical for early embryogenesis and for embryonic stem cell pluripotency"
9606.ENSP00000264474,9606,Homo sapiens,CSTA,Cystatin-a/b; Cystatin-A; This is an intracellular thiol proteinase inhibitor. Has an important role in desmosome-mediated cell-cell adhesion in the lower levels of the epidermis; Belongs to the cystatin family
9606.ENSP00000331327,9606,Homo sapiens,WT1,"Wilms tumor protein; Transcription factor that plays an important role in cellular development and cell survival. Recognizes and binds to the DNA sequence 5'-GCG(T/G)GGGCG-3'. Regulates the expression of numerous target genes, including EPO. Plays an essential role for development of the urogenital system. It has a tumor suppressor as well as an oncogenic role in tumor formation. Function may be isoform-specific: isoforms lacking the KTS motif may act as transcription factors. Isoforms containing the KTS motif may bind mRNA and play a role in mRNA metabolism or splicing. Isoform 1 has  [...] "
9606.ENSP00000371711,9606,Homo sapiens,DMRT1,"Doublesex- and mab-3-related transcription factor 1; Transcription factor that plays a key role in male sex determination and differentiation by controlling testis development and male germ cell proliferation. Plays a central role in spermatogonia by inhibiting meiosis in undifferentiated spermatogonia and promoting mitosis, leading to spermatogonial development and allowing abundant and continuous production of sperm. Acts both as a transcription repressor and activator: prevents meiosis by restricting retinoic acid (RA)-dependent transcription and repressing STRA8 expression and prom [...] "
9606.ENSP00000334458,9606,Homo sapiens,GATA4,"Transcription factor GATA-4; Transcriptional activator that binds to the consensus sequence 5'-AGATAG-3' and plays a key role in cardiac development and function. In cooperation with TBX5, it binds to cardiac super-enhancers and promotes cardiomyocyte gene expression, while it downregulates endocardial and endothelial gene expression. Involved in bone morphogenetic protein (BMP)-mediated induction of cardiac- specific gene expression. Binds to BMP response element (BMPRE) DNA sequences within cardiac activating regions (By similarity). Acts as a transcriptional activator of ANF in coop [...] "
9606.ENSP00000245479,9606,Homo sapiens,SOX9,"Transcription factor SOX-9; Transcriptional regulator. Binds to the COL2A1 promoter and activates COL2A1 expression, as part of a complex with ZNF219 (By similarity). Plays a role in chondrocyte differentiation (By similarity). Important for normal skeletal development; SRY-boxes"
